{
  "yandex:Стремянный переулок, 38": [
    55.727242,
    37.626942
  ],
  "Стремянный переулок, 38": [
    55.727242,
    37.626942
  ],
  "yandex:Стремянный переулок, 26": [
    55.727582,
    37.630212
  ],
  "Стремянный переулок, 26": [
    55.727582,
    37.630212
  ],
  "yandex:улица Большая Полянка, 30": [
    55.734202,
    37.618866
  ],
  "улица Большая Полянка, 30": [
    55.734202,
    37.618866
  ],
  "yandex:Большая Татарская улица, 35с3": [
    55.737451,
    37.635485
  ],
  "Большая Татарская улица, 35с3": [
    55.737451,
    37.635485
  ],
  "yandex:Большой Овчинниковский переулок, 23/11": [
    55.744232,
    37.628119
  ],
  "Большой Овчинниковский переулок, 23/11": [
    55.744232,
    37.628119
  ],
  "yandex:улица Большая Ордынка, 7": [
    55.744733,
    37.624948
  ],
  "улица Большая Ордынка, 7": [
    55.744733,
    37.624948
  ]
}