{
  "yandex:Стремянный переулок, 38": [
    55.727242,
    37.626942
  ],
  "Стремянный переулок, 38": [
    55.727242,
    37.626942
  ],
  "yandex:Стремянный переулок, 26": [
    55.727582,
    37.630212
  ],
  "Стремянный переулок, 26": [
    55.727582,
    37.630212
  ],
  "yandex:улица Большая Полянка, 30": [
    55.734202,
    37.618866
  ],
  "улица Большая Полянка, 30": [
    55.734202,
    37.618866
  ],
  "yandex:Большая Татарская улица, 35с3": [
    55.737451,
    37.635485
  ],
  "Большая Татарская улица, 35с3": [
    55.737451,
    37.635485
  ],
  "yandex:Большой Овчинниковский переулок, 23/11": [
    55.744232,
    37.628119
  ],
  "Большой Овчинниковский переулок, 23/11": [
    55.744232,
    37.628119
  ],
  "yandex:улица Большая Ордынка, 7": [
    55.744733,
    37.624948
  ],
  "улица Большая Ордынка, 7": [
    55.744733,
    37.624948
  ],
  "yandex:Москва, улица Спиридоновка, 25/20с1": [
    55.762713,
    37.589087
  ],
  "Москва, улица Спиридоновка, 25/20с1": [
    55.762713,
    37.589087
  ],
  "yandex:Москва, Мичуринский проспект, вл27": [
    55.697463,
    37.500207
  ],
  "Москва, Мичуринский проспект, вл27": [
    55.697463,
    37.500207
  ],
  "yandex:Москва, улица Юлиана Семёнова, 8к2": [
    55.643856,
    37.392634
  ],
  "Москва, улица Юлиана Семёнова, 8к2": [
    55.643856,
    37.392634
  ],
  "yandex:Москва, Шмитовский проезд, 10/7": [
    55.759167,
    37.552696
  ],
  "Москва, Шмитовский проезд, 10/7": [
    55.759167,
    37.552696
  ],
  "yandex:Москва, Лесная улица, 1/2": [
    55.776892,
    37.585511
  ],
  "Москва, Лесная улица, 1/2": [
    55.776892,
    37.585511
  ],
  "yandex:Москва, 2-я Брестская улица, 48": [
    55.774968,
    37.584712
  ],
  "Москва, 2-я Брестская улица, 48": [
    55.774968,
    37.584712
  ],
  "yandex:Москва, Лазоревый проезд, 1Ак3": [
    55.8473,
    37.637578
  ],
  "Москва, Лазоревый проезд, 1Ак3": [
    55.8473,
    37.637578
  ],
  "yandex:Москва, улица Вильгельма Пика, 11": [
    55.844197,
    37.636958
  ],
  "Москва, улица Вильгельма Пика, 11": [
    55.844197,
    37.636958
  ]
}