{
  "yandex:Москва, Лазоревый проезд, 1Ак3": [
    55.8473,
    37.637578
  ],
  "Москва, Лазоревый проезд, 1Ак3": [
    55.8473,
    37.637578
  ],
  "yandex:Москва, улица Вильгельма Пика, 11": [
    55.844197,
    37.636958
  ],
  "Москва, улица Вильгельма Пика, 11": [
    55.844197,
    37.636958
  ],
  "yandex:Москва, Ленинградское шоссе, 16Ас2": [
    55.821578,
    37.498725
  ],
  "Москва, Ленинградское шоссе, 16Ас2": [
    55.821578,
    37.498725
  ],
  "yandex:Москва, Головинское шоссе, 3": [
    55.83981,
    37.489491
  ],
  "Москва, Головинское шоссе, 3": [
    55.83981,
    37.489491
  ],
  "yandex:Москва, Ленинградский проспект, 72к1": [
    55.805791,
    37.520348
  ],
  "Москва, Ленинградский проспект, 72к1": [
    55.805791,
    37.520348
  ],
  "yandex:Москва, улица Черняховского, 4": [
    55.802108,
    37.533499
  ],
  "Москва, улица Черняховского, 4": [
    55.802108,
    37.533499
  ],
  "yandex:Москва, Николоямская улица, 29с1": [
    55.747302,
    37.656523
  ],
  "Москва, Николоямская улица, 29с1": [
    55.747302,
    37.656523
  ],
  "yandex:Москва, улица Солянка, 4с4": [
    55.753706,
    37.637219
  ],
  "Москва, улица Солянка, 4с4": [
    55.753706,
    37.637219
  ],
  "yandex:Москва, Мясницкая улица, 18": [
    55.761097,
    37.632619
  ],
  "Москва, Мясницкая улица, 18": [
    55.761097,
    37.632619
  ],
  "yandex:Москва, Весковский переулок, 7": [
    55.778952,
    37.600271
  ],
  "Москва, Весковский переулок, 7": [
    55.778952,
    37.600271
  ],
  "yandex:Москва, Русаковская улица, 31": [
    55.788449,
    37.678442
  ],
  "Москва, Русаковская улица, 31": [
    55.788449,
    37.678442
  ],
  "yandex:Москва, Зелёный проспект, 22": [
    55.750104,
    37.788989
  ],
  "Москва, Зелёный проспект, 22": [
    55.750104,
    37.788989
  ],
  "yandex:Москва, улица Шаболовка, 29к2": [
    55.721655,
    37.610682
  ],
  "Москва, улица Шаболовка, 29к2": [
    55.721655,
    37.610682
  ],
  "yandex:Москва, улица Большая Ордынка, 7": [
    55.744733,
    37.624948
  ],
  "Москва, улица Большая Ордынка, 7": [
    55.744733,
    37.624948
  ],
  "yandex:Москва, Большая Татарская улица, 35с3": [
    55.737451,
    37.635485
  ],
  "Москва, Большая Татарская улица, 35с3": [
    55.737451,
    37.635485
  ],
  "yandex:Москва, Павелецкая площадь, 2с3": [
    55.729696,
    37.636311
  ],
  "Москва, Павелецкая площадь, 2с3": [
    55.729696,
    37.636311
  ],
  "yandex:Москва, Стремянный переулок, 26": [
    55.727582,
    37.630212
  ],
  "Москва, Стремянный переулок, 26": [
    55.727582,
    37.630212
  ],
  "yandex:Москва, Стремянный переулок, 38": [
    55.727242,
    37.626942
  ],
  "Москва, Стремянный переулок, 38": [
    55.727242,
    37.626942
  ],
  "yandex:Москва, улица 10-летия Октября, 9": [
    55.725478,
    37.563125
  ],
  "Москва, улица 10-летия Октября, 9": [
    55.725478,
    37.563125
  ],
  "yandex:Москва, проспект Вернадского, 14": [
    55.676935,
    37.504798
  ],
  "Москва, проспект Вернадского, 14": [
    55.676935,
    37.504798
  ],
  "yandex:Москва, проспект Вернадского, 6с3": [
    55.692714,
    37.53393
  ],
  "Москва, проспект Вернадского, 6с3": [
    55.692714,
    37.53393
  ],
  "yandex:Москва, улица Тимура Фрунзе, 11с7": [
    55.735398,
    37.587317
  ],
  "Москва, улица Тимура Фрунзе, 11с7": [
    55.735398,
    37.587317
  ],
  "yandex:Москва, Большой Лёвшинский переулок, 3": [
    55.74338,
    37.590668
  ],
  "Москва, Большой Лёвшинский переулок, 3": [
    55.74338,
    37.590668
  ],
  "yandex:Москва, улица Воздвиженка, 10": [
    55.753301,
    37.606272
  ],
  "Москва, улица Воздвиженка, 10": [
    55.753301,
    37.606272
  ],
  "yandex:Москва, Чистопрудный бульвар, 12Ас1": [
    55.760515,
    37.643579
  ],
  "Москва, Чистопрудный бульвар, 12Ас1": [
    55.760515,
    37.643579
  ],
  "yandex:Москва, улица Покровка, 14/2с1": [
    55.759086,
    37.645106
  ],
  "Москва, улица Покровка, 14/2с1": [
    55.759086,
    37.645106
  ],
  "yandex:Москва, Тверской бульвар, 20с4": [
    55.76096,
    37.603127
  ],
  "Москва, Тверской бульвар, 20с4": [
    55.76096,
    37.603127
  ],
  "yandex:Москва, улица Большая Дмитровка, 32с1": [
    55.7656,
    37.610844
  ],
  "Москва, улица Большая Дмитровка, 32с1": [
    55.7656,
    37.610844
  ],
  "yandex:Москва, Новослободская улица, 34/2": [
    55.783949,
    37.597306
  ],
  "Москва, Новослободская улица, 34/2": [
    55.783949,
    37.597306
  ],
  "yandex:Москва, Костомаровский переулок, 10с2": [
    55.750302,
    37.665129
  ],
  "Москва, Костомаровский переулок, 10с2": [
    55.750302,
    37.665129
  ],
  "yandex:Москва, Бакунинская улица, 5": [
    55.773707,
    37.6797
  ],
  "Москва, Бакунинская улица, 5": [
    55.773707,
    37.6797
  ],
  "yandex:Москва, Бауманская улица, 56/17": [
    55.768755,
    37.679125
  ],
  "Москва, Бауманская улица, 56/17": [
    55.768755,
    37.679125
  ],
  "yandex:Москва, Спартаковская улица, 16": [
    55.772305,
    37.675828
  ],
  "Москва, Спартаковская улица, 16": [
    55.772305,
    37.675828
  ],
  "yandex:Москва, Новорязанская улица, 23с8": [
    55.772548,
    37.661967
  ],
  "Москва, Новорязанская улица, 23с8": [
    55.772548,
    37.661967
  ],
  "yandex:Москва, Милютинский переулок, 19/4с2": [
    55.765909,
    37.632125
  ],
  "Москва, Милютинский переулок, 19/4с2": [
    55.765909,
    37.632125
  ],
  "yandex:Москва, Неглинная улица, 16Ас1": [
    55.764875,
    37.62033
  ],
  "Москва, Неглинная улица, 16Ас1": [
    55.764875,
    37.62033
  ],
  "yandex:Москва, улица Малая Дмитровка, 15": [
    55.76957,
    37.605113
  ],
  "Москва, улица Малая Дмитровка, 15": [
    55.76957,
    37.605113
  ],
  "yandex:Москва, Авиамоторная улица, 10к1": [
    55.754259,
    37.715246
  ],
  "Москва, Авиамоторная улица, 10к1": [
    55.754259,
    37.715246
  ],
  "yandex:Москва, Ленинградское шоссе, 16Ас1": [
    55.821386,
    37.497746
  ],
  "Москва, Ленинградское шоссе, 16Ас1": [
    55.821386,
    37.497746
  ],
  "yandex:Москва, 3-я улица Ямского Поля, 9": [
    55.781626,
    37.580894
  ],
  "Москва, 3-я улица Ямского Поля, 9": [
    55.781626,
    37.580894
  ],
  "yandex:Москва, Электродная улица, 2с32": [
    55.754329,
    37.752454
  ],
  "Москва, Электродная улица, 2с32": [
    55.754329,
    37.752454
  ],
  "yandex:Москва, улица Юлиана Семёнова, 8к2": [
    55.643856,
    37.392634
  ],
  "Москва, улица Юлиана Семёнова, 8к2": [
    55.643856,
    37.392634
  ],
  "yandex:Москва, Большой Овчинниковский переулок, 23/11": [
    55.744232,
    37.628119
  ],
  "Москва, Большой Овчинниковский переулок, 23/11": [
    55.744232,
    37.628119
  ],
  "yandex:Москва, улица Большая Полянка, 30": [
    55.734202,
    37.618866
  ],
  "Москва, улица Большая Полянка, 30": [
    55.734202,
    37.618866
  ]
}